{"train_loss": [0.2180426889143738, 0.05752539838762844, 0.04060862632183468, 0.0318938302023738, 0.02738331872107936, 0.024880455270701762], "train_acc": [0.9296274509803921, 0.9814705882352941, 0.9863725490196078, 0.9887058823529412, 0.9903725490196078, 0.9914117647058823], "val_loss": [9.292601404786257e+26, 12.243923478020562, 13.404519719441732, 14.0084761750963, 14.156436598036024, 15.815642784966363], "val_acc": [0.09522222222387791, 0.09777777778108915, 0.09655555555886693, 0.09622222222553359, 0.09755555555886693, 0.09655555555886693]}