{"train_loss": [0.3110531515607647, 0.044653271852755076, 0.02955263392072098, 0.024519249570135977, 0.019515947324680347], "train_acc": [0.9374901960784314, 0.9854705882352941, 0.9900196078431373, 0.9915686274509804, 0.9929411764705882], "val_loss": [9.14009516313341, 10.29936023542616, 11.454884611341688, 12.555682496812608, 11.747118108961317], "val_acc": [0.09644444444775581, 0.09688888889220026, 0.09366666666997804, 0.0943333333366447, 0.09688888889220026]}