{"train_loss": [0.24280201282688216, 0.09755405202098921, 0.06972238938948687, 0.05362043712536494, 0.04455514898370294], "train_acc": [0.9344509803921569, 0.9680392156862745, 0.9774705882352941, 0.9819019607843137, 0.9845686274509804], "val_loss": [7.614604783376058, 8.878848231845431, 9.766104583740235, 10.762159679836698, 4.071638708375771e+32], "val_acc": [0.09566666666997804, 0.09844444444775581, 0.09777777778108915, 0.09655555555886693, 0.09744444444610013]}