{"train_loss": [4.635157099106732, 4.071732076487821, 3.8025043737074906, 3.6086541464412916, 3.4614387637867647, 3.322965555707146, 3.2075746075798484, 3.0945378227682676, 2.9987586799172794, 2.9111662199132584, 2.828634351303998, 2.7489340773638555, 2.6720876120174633, 2.612629586612477, 2.5430317777745866, 2.4779281246409695, 2.406789576631434, 2.350858851713293, 2.2961307640524473, 2.239317653162339, 2.181040297205308, 2.1258242995318244, 2.0705710088393268, 2.0229714784509993, 1.9693094297521254], "train_acc": [0.05087058823529412, 0.11148235294117648, 0.14849411764705883, 0.1779764705882353, 0.20076470588235293, 0.22489411764705883, 0.2437529411764706, 0.2650588235294118, 0.28249411764705884, 0.29858823529411765, 0.31474117647058825, 0.3311647058823529, 0.34648235294117646, 0.35763529411764705, 0.37276470588235294, 0.3835764705882353, 0.3987176470588235, 0.4092235294117647, 0.4204705882352941, 0.43231764705882353, 0.4453764705882353, 0.45534117647058825, 0.4663529411764706, 0.4783058823529412, 0.4880470588235294], "val_loss": [4.238236799240112, 3.859833897527059, 3.8787789708455405, 3.4957621916453046, 3.4231902779897054, 3.3429684611002606, 3.1634844287872315, 3.231215829340617, 3.1059930828094484, 2.9350600134531657, 2.966217235183716, 2.9213959468841555, 2.8496373285929364, 2.884468146387736, 2.7751405778249105, 2.777228748957316, 2.6829483468373616, 2.6473257760365803, 2.670347562154134, 2.6324677474975586, 2.6998420920054116, 2.5471637645721437, 2.5468505719502765, 2.6624465810139974, 2.5904647981007893], "val_acc": [0.08633333333333333, 0.13786666666666667, 0.14400000000397364, 0.19526666667461395, 0.21019999998410543, 0.22759999998410543, 0.2612, 0.2521999999841054, 0.273, 0.302, 0.3005999999841054, 0.3086, 0.3196666666825612, 0.323, 0.3459333333333333, 0.34186666669845583, 0.3602, 0.36946666666666667, 0.37073333331743874, 0.373, 0.3585333333492279, 0.3924, 0.39100000003178914, 0.37553333331743877, 0.3915333333174388]}