{"train_loss": [4.635157099106732, 4.071732076487821, 3.8025043737074906, 3.6086541464412916, 3.4614387637867647, 3.322965555707146, 3.2075746075798484, 3.0945378227682676, 2.9987586799172794, 2.9111662199132584], "train_acc": [0.05087058823529412, 0.11148235294117648, 0.14849411764705883, 0.1779764705882353, 0.20076470588235293, 0.22489411764705883, 0.2437529411764706, 0.2650588235294118, 0.28249411764705884, 0.29858823529411765], "val_loss": [4.238236799240112, 3.859833897527059, 3.8787789708455405, 3.4957621916453046, 3.4231902779897054, 3.3429684611002606, 3.1634844287872315, 3.231215829340617, 3.1059930828094484, 2.9350600134531657], "val_acc": [0.08633333333333333, 0.13786666666666667, 0.14400000000397364, 0.19526666667461395, 0.21019999998410543, 0.22759999998410543, 0.2612, 0.2521999999841054, 0.273, 0.302]}