{"train_loss": [4.956993136257595, 4.619218709309896, 4.486080284966363, 4.3889869069417315, 4.250461562432183, 4.01739260796441, 3.7809301066080727, 3.618509393649631, 3.462848749457465, 3.3429143310546876, 3.2337177056206596, 3.1227092071533202, 3.017227180650499, 2.932461598714193, 2.843201951768663, 2.765657515801324, 2.6840922353108723, 2.6202667416042753, 2.555315946451823, 2.4889176954481336, 2.4366881527370876, 2.386651033189562, 2.334077785068088, 2.2766759006076387, 2.231711489189996, 2.1788226050482855, 2.14020597398546, 2.107911037360297, 2.0598545318603514, 2.0091193754408097, 1.979015358988444, 1.9433171198527017, 1.9075412109375, 1.8781221432156032, 1.8440212565104166, 1.808810917154948, 1.7861764112684462, 1.75634720509847, 1.7206653954399957, 1.6958006037394207], "train_acc": [0.02302222222222222, 0.04463333333333333, 0.054733333333333335, 0.06721111111111111, 0.08122222222222222, 0.11117777777777778, 0.14692222222222223, 0.17384444444444444, 0.2034, 0.22274444444444444, 0.24127777777777779, 0.2644222222222222, 0.28273333333333334, 0.2986333333333333, 0.3171333333333333, 0.3294666666666667, 0.3454888888888889, 0.3571, 0.3697, 0.38372222222222224, 0.3935111111111111, 0.40363333333333334, 0.4137888888888889, 0.4242666666666667, 0.43354444444444445, 0.4424, 0.45122222222222225, 0.45694444444444443, 0.46546666666666664, 0.4779333333333333, 0.4821111111111111, 0.48998888888888886, 0.4975777777777778, 0.5040777777777777, 0.5099333333333333, 0.5173111111111112, 0.5198222222222222, 0.5269333333333334, 0.5348222222222222, 0.5395666666666666], "val_loss": [4.631070732116699, 4.285972093963623, 4.233245073699951, 4.064229315185547, 3.889187449645996, 3.6522611396789553, 3.4725829166412354, 3.3430872413635253, 3.238478142929077, 3.0482083915710447, 3.0166171009063723, 2.9709132247924805, 2.887897589492798, 2.866745859527588, 2.839875855636597, 2.693169004058838, 2.6857288497924805, 2.691533154296875, 2.743622584915161, 2.6895542846679685, 2.658350616455078, 2.69285604095459, 2.6111632080078127, 2.6040415428161623, 2.604160637664795, 2.5882864868164064, 2.6404657096862794, 2.656743048095703, 2.6425654983520506, 2.668291107559204, 2.680063710784912, 2.7069593391418456, 2.7063115016937256, 2.6883067642211915, 2.689242948913574, 2.7445419204711916, 2.723314582824707, 2.775414001083374, 2.7607129779815676, 2.7565255630493164], "val_acc": [0.0438, 0.0758, 0.0917, 0.1099, 0.1352, 0.1764, 0.2057, 0.2355, 0.2534, 0.2865, 0.2961, 0.308, 0.3198, 0.3246, 0.3347, 0.3631, 0.3702, 0.3616, 0.3584, 0.3723, 0.3789, 0.3655, 0.3847, 0.3857, 0.3934, 0.3926, 0.3843, 0.3884, 0.3926, 0.389, 0.3868, 0.3867, 0.3887, 0.3891, 0.3928, 0.3873, 0.3861, 0.3849, 0.3927, 0.3872]}