{"train_loss": [4.644167786003561, 4.062480233226103, 3.7783827557732077, 3.580951872702206, 3.4178469083898206, 3.2907561972225414, 3.1688613105325136, 3.0606644014246323, 2.9715078282973346, 2.8788037701775044, 2.799203049962661, 2.725676167566636, 2.654786782657399, 2.5803220232795265, 2.522952734195485, 2.456180156034582, 2.3950702977797564, 2.329226552447151, 2.2704864740708297, 2.223483352840648, 2.160896460678998, 2.105017625876034, 2.0526330309699565, 2.0060639197854435, 1.9443364873549518], "train_acc": [0.0497764705882353, 0.11178823529411765, 0.15203529411764705, 0.18050588235294118, 0.20738823529411765, 0.22956470588235295, 0.25169411764705885, 0.2717764705882353, 0.2854, 0.3039294117647059, 0.3206705882352941, 0.33545882352941175, 0.3493176470588235, 0.3625529411764706, 0.3749647058823529, 0.3880588235294118, 0.399, 0.41454117647058825, 0.42623529411764705, 0.4343764705882353, 0.44696470588235293, 0.4596941176470588, 0.4712, 0.48215294117647056, 0.4924235294117647], "val_loss": [4.223666248575847, 4.043620276260376, 3.7493722342173257, 3.534660357538859, 3.469700428390503, 3.3414797306060793, 3.1261631427764893, 3.185559567896525, 3.0821287545522056, 2.8978466205596924, 2.98665085550944, 2.8495153593699136, 2.7765208730061848, 2.7728140234629315, 2.7750428150177, 2.6610694604237874, 2.712832785542806, 2.589702919514974, 2.6281003695170084, 2.605399728520711, 2.5997897496541342, 2.569394375991821, 2.596397435506185, 2.7586097732543946, 2.6508502248128254], "val_acc": [0.09180000000397365, 0.12026666667461396, 0.15239999999205273, 0.19233333331743876, 0.21020000000794728, 0.22506666667461395, 0.26719999999205274, 0.2568666666666667, 0.28253333333333336, 0.3145999999841054, 0.3043333333492279, 0.3237999999841054, 0.33819999998410544, 0.3429999999841054, 0.3481999999920527, 0.3701999999841054, 0.35713333333333336, 0.3826, 0.3768666666666667, 0.3788000000158946, 0.38586666665077207, 0.3918666666984558, 0.3844666666507721, 0.36893333331743877, 0.3833333333492279]}