{"train_loss": [4.593218746768727, 4.045355887738396, 3.768413797894646, 3.5664324865004597, 3.4105762968175553, 3.274352166748047, 3.149248103601792, 3.050927396886489, 2.9515253672880286, 2.8637788071576287, 2.7794011180204503, 2.7088519398408777, 2.6368965849034924, 2.5696569246179917, 2.503358390538833, 2.4289580223532283, 2.3742760051054113, 2.3117202356675093, 2.2624944255155675, 2.208854978135053, 2.1547677448945888, 2.102815489645565, 2.0430986972584444, 1.9947364532470704], "train_acc": [0.0556, 0.11303529411764705, 0.15363529411764706, 0.1834, 0.2088, 0.2318, 0.2549529411764706, 0.27151764705882353, 0.2909764705882353, 0.30822352941176473, 0.32574117647058826, 0.33881176470588237, 0.3503176470588235, 0.36611764705882355, 0.382, 0.39294117647058824, 0.40550588235294116, 0.41801176470588236, 0.42798823529411767, 0.43869411764705885, 0.4511411764705882, 0.45961176470588233, 0.4733294117647059, 0.48325882352941174], "val_loss": [4.375544017537435, 4.080066812006632, 3.8029052084604897, 3.506876880009969, 3.303731857299805, 3.3204661538441975, 3.2864173166910806, 3.3054074584960937, 3.099207190577189, 2.9964147735595703, 2.97706202100118, 2.808140170796712, 2.9198835061391195, 2.7706104175567625, 2.726654446411133, 2.7844272468566893, 2.676146529006958, 2.6398784943898517, 2.6770986245473227, 2.6555638370513917, 2.5710967768351236, 2.659059732500712, 2.6809872875213623, 2.5849399345397948], "val_acc": [0.08120000000397365, 0.1146, 0.1504, 0.1980666666507721, 0.23406666666666667, 0.22906666667461395, 0.23680000000397364, 0.23380000000397363, 0.2764, 0.29539999998410543, 0.29653333332538606, 0.32760000001589457, 0.31553333333333333, 0.33933333331743876, 0.3467333333492279, 0.34020000001589457, 0.3606000000158946, 0.3703333333492279, 0.3605999999841054, 0.37906666663487754, 0.39106666668256124, 0.37693333333333334, 0.37899999998410544, 0.3924000000158946]}