{"train_loss": [4.626616708713108, 4.012426139662001, 3.719182985772027, 3.514064897664388, 3.3646331319173175, 3.227719678073459, 3.1106521392822266, 3.0110022542317707, 2.9079786312527127, 2.8264213439941406, 2.7391609653049045, 2.664899477471246, 2.5933437706841365, 2.517450223795573, 2.446722870212131, 2.371529884677463, 2.310030542839898, 2.2466970998128257, 2.1817520245022246, 2.121789522637261, 2.0548609261406794, 1.9961505245632596, 1.9407339638604058, 1.8784706802368165, 1.8218157760620117, 1.7650223797268338, 1.7093753657023112, 1.6520141345553927, 1.6004707280476889, 1.5503753626505534, 1.4996670233832465, 1.4510276948716905, 1.4182477823045518, 1.356585327996148, 1.3180399745517306, 1.2812531567043728, 1.252549895477295, 1.2087313524034289, 1.1754290924919977, 1.1446572625054254], "train_acc": [0.05278888888888889, 0.11934444444444445, 0.15913333333333332, 0.19056666666666666, 0.21593333333333334, 0.23894444444444443, 0.2613333333333333, 0.2778777777777778, 0.30045555555555553, 0.3139, 0.3310444444444444, 0.34584444444444445, 0.3606, 0.3746111111111111, 0.3885888888888889, 0.4055888888888889, 0.41581111111111113, 0.42794444444444446, 0.44206666666666666, 0.45413333333333333, 0.4674888888888889, 0.4800888888888889, 0.49015555555555557, 0.5046777777777778, 0.5161777777777777, 0.5281111111111111, 0.5401, 0.5514444444444444, 0.5643777777777778, 0.5734, 0.5856666666666667, 0.5967444444444444, 0.6053, 0.6189666666666667, 0.6263888888888889, 0.6364333333333333, 0.6434888888888889, 0.6525444444444445, 0.6618222222222222, 0.6674111111111111], "val_loss": [4.145339210510254, 3.86588341217041, 3.8746305252075195, 3.490775569152832, 3.2799850528717043, 3.130182829284668, 3.1656412750244143, 3.004194133377075, 2.96910789604187, 2.8680387584686278, 2.8316554164886476, 2.9226063865661622, 2.7781959045410156, 2.758201491546631, 2.6516021770477294, 2.6651931297302247, 2.70432077255249, 2.6410301216125487, 2.6090896949768068, 2.6076151779174803, 2.6099599197387695, 2.583655891036987, 2.627753367996216, 2.6124668670654296, 2.6732210987091065, 2.725811436843872, 2.697493911743164, 2.6911880867004396, 2.743926508331299, 2.742080422592163, 2.7481025566101076, 2.942181462097168, 2.8090747650146484, 2.9737658515930177, 2.9813674896240236, 2.9274981868743897, 2.973532127380371, 3.113625792694092, 3.1721446594238283, 3.2233093379974367], "val_acc": [0.0991, 0.1369, 0.1478, 0.1953, 0.2343, 0.2655, 0.2567, 0.2915, 0.2949, 0.3143, 0.3223, 0.3124, 0.3384, 0.3413, 0.3697, 0.3627, 0.3547, 0.3742, 0.3763, 0.3838, 0.3864, 0.3883, 0.3824, 0.3857, 0.3834, 0.3829, 0.3864, 0.386, 0.3808, 0.387, 0.3857, 0.3822, 0.391, 0.3739, 0.3748, 0.3812, 0.3808, 0.3693, 0.3613, 0.3706]}