{"train_loss": [4.923346968347886, 4.336612263399012, 3.9664170428107766, 3.6297257794548483, 3.369393098000919, 3.1759649568445543, 3.0165937657973347, 2.8745376766429227, 2.7351858818502985, 2.614394039737477, 2.4916497068517347, 2.3824295668658086, 2.2735040475284354, 2.1739483186609605, 2.0740186550364776, 1.9839448130888098, 1.8827187740550322, 1.7959130688835594, 1.704734140553194, 1.6107427010928883, 1.5228699525720932, 1.4419354250739602, 1.3628741280948415, 1.2724724640790155, 1.1996291345932903], "train_acc": [0.024976470588235294, 0.07411764705882352, 0.12341176470588236, 0.17372941176470588, 0.21592941176470587, 0.25024705882352943, 0.2815764705882353, 0.3079294117647059, 0.3351529411764706, 0.36071764705882353, 0.3840235294117647, 0.4053294117647059, 0.4290235294117647, 0.4501294117647059, 0.4712, 0.4915764705882353, 0.5122705882352941, 0.5316823529411765, 0.5512705882352941, 0.5708705882352941, 0.5905411764705882, 0.6096941176470588, 0.6269882352941176, 0.6486941176470589, 0.6653411764705882], "val_loss": [4.710686987050375, 4.247302998097737, 3.8075746308644614, 3.5863807160695393, 3.4162727947235108, 3.3044923763275147, 3.195076021448771, 3.157163746770223, 2.9792664597829184, 2.949737226740519, 2.8749170815785727, 2.8059976553599038, 2.728823932902018, 2.863964017232259, 2.768816771952311, 2.8420518164316815, 2.864380236816406, 2.7705858516693116, 2.8497574286142986, 2.866980707168579, 2.817297217877706, 3.0054697881062826, 2.891114054997762, 3.101787256240845, 3.071400721359253], "val_acc": [0.040466666666666665, 0.08500000000198682, 0.1428, 0.18473333333333333, 0.2102, 0.23853333333333335, 0.2561333333333333, 0.2644, 0.2978666666507721, 0.30506666666666665, 0.3278, 0.3414666666507721, 0.3582, 0.34306666668256125, 0.3617333333174388, 0.365, 0.36040000001589456, 0.37093333333333334, 0.3691333333333333, 0.37286666668256124, 0.38266666669845584, 0.36639999998410544, 0.38620000001589455, 0.37913333331743876, 0.37973333334922793]}