{"train_loss": [4.9192104169060205, 4.316971299474379, 3.9379979018267464, 3.633794719022863, 3.395421805348116, 3.1955896933162915, 3.0398353935690485, 2.891753664263557, 2.7594064826516544, 2.634412363209444, 2.518858169017119, 2.40983457587747, 2.3054594534481274, 2.194970962165384, 2.1015670772776884, 1.9999799318201401, 1.911158322502585, 1.8147682166604435, 1.7217888867546531, 1.6409203751507928], "train_acc": [0.024188235294117646, 0.07652941176470589, 0.12391764705882354, 0.1710235294117647, 0.21025882352941178, 0.24721176470588235, 0.27545882352941176, 0.3033058823529412, 0.3298235294117647, 0.3565294117647059, 0.38134117647058824, 0.40083529411764707, 0.4213411764705882, 0.44730588235294116, 0.46497647058823527, 0.48668235294117645, 0.5084352941176471, 0.5288235294117647, 0.5475411764705882, 0.5673294117647059], "val_loss": [4.5921921681722, 4.161332250722249, 3.8047638367970786, 3.693516649373372, 3.450098936589559, 3.4049264602661133, 3.131302322260539, 3.2149612965901695, 3.1156698886871337, 2.959837812169393, 2.9225202284495038, 2.8896852279663086, 2.7753249022165933, 2.7443352447509763, 2.7690649598439534, 2.8392709809621177, 2.7240805822372436, 2.7909344610850018, 2.8173721256891886, 2.7754165908813477], "val_acc": [0.046066666666666665, 0.09713333333532015, 0.14433333334128062, 0.16806666667461395, 0.2076, 0.21446666667461395, 0.2658, 0.2642666666507721, 0.2746666666507721, 0.30740000001589457, 0.32306666668256123, 0.3257999999841054, 0.34626666668256123, 0.35353333331743875, 0.35913333331743874, 0.35613333333333336, 0.37880000003178915, 0.37660000001589455, 0.3748, 0.3895333333492279]}