{"train_loss": [4.834596012609145, 4.141476823874081, 3.7274293166216683, 3.4278654993393842, 3.210183956011604, 3.0087187079934514, 2.839347185202206, 2.683085766960593, 2.5431120939366956, 2.406264332490809, 2.281427264763327, 2.1655526783662684, 2.052404071942498, 1.9431381527171416, 1.838713933249081, 1.7397689695470473], "train_acc": [0.03464705882352941, 0.10103529411764706, 0.16083529411764705, 0.20849411764705883, 0.2467529411764706, 0.2838117647058824, 0.3160470588235294, 0.34507058823529413, 0.3730705882352941, 0.40234117647058826, 0.42658823529411766, 0.4524470588235294, 0.47591764705882356, 0.4980588235294118, 0.5214235294117647, 0.5436], "val_loss": [4.3869997215271, 4.104437866719564, 3.7165846420288084, 3.4338534750620524, 3.2926490673065185, 3.3333324321746827, 3.038363725407918, 2.859492486445109, 2.8446122365315754, 2.7638017466227214, 2.7762338359832763, 2.7830069800059, 2.654312804667155, 2.6915509947458904, 2.6917272998809816, 2.7724239276885987], "val_acc": [0.06733333333532016, 0.10813333334128061, 0.16666666667461394, 0.20920000001589456, 0.23959999998410542, 0.2434, 0.2889999999841054, 0.32273333331743875, 0.333, 0.34779999998410543, 0.35606666666666664, 0.35140000001589455, 0.3832666666507721, 0.37753333331743877, 0.38353333333333334, 0.3748666666666667]}