{"train_loss": [4.893158747414982, 4.331732448443245, 4.007595800063189, 3.751784519330193, 3.5466710499482996, 3.3786005866555606, 3.248022045180377, 3.1220194572897517, 3.014098948400161, 2.9056487613453585, 2.7990461224724266, 2.70642725722369, 2.614729355037914, 2.5313171566233916, 2.444447904878504, 2.369914695290958, 2.281955795647116, 2.208622820865407, 2.1312488038904527, 2.0621150437298943, 1.988931359683766, 1.9160781635957607, 1.8501305875890395, 1.778407392793543, 1.7056599027745865], "train_acc": [0.026776470588235294, 0.07512941176470589, 0.12005882352941176, 0.1566, 0.18703529411764705, 0.21529411764705883, 0.2366470588235294, 0.2596588235294118, 0.2812352941176471, 0.30103529411764707, 0.3231176470588235, 0.3417058823529412, 0.3608470588235294, 0.37577647058823527, 0.39441176470588235, 0.40996470588235295, 0.43076470588235294, 0.44483529411764705, 0.4596705882352941, 0.47350588235294117, 0.48905882352941177, 0.5056, 0.5205058823529412, 0.535364705882353, 0.5512117647058824], "val_loss": [4.5848850247701005, 4.196556080118815, 3.9262942123413085, 3.741918820063273, 3.649434303156535, 3.4086801316579183, 3.272595315424601, 3.340004073079427, 3.156953895187378, 3.0939165454864503, 2.9834658774058025, 3.0600475137074787, 2.882941859817505, 2.8892191932678224, 2.9108756187438964, 2.7983507607777915, 2.7790682956695556, 2.7814991634368895, 2.864590383911133, 2.720616002400716, 2.7941063419342043, 2.824468658955892, 2.7368183233896892, 2.90283602549235, 2.7934022070566815], "val_acc": [0.04780000000198682, 0.0958, 0.13253333333730696, 0.1602666666507721, 0.1709999999920527, 0.2154, 0.23826666666666665, 0.23040000000794728, 0.26733333334922793, 0.2773999999841054, 0.29653333331743875, 0.29339999998410543, 0.3234666666348775, 0.3235333333174388, 0.32099999998410544, 0.3445333333492279, 0.34780000001589456, 0.3479999999841054, 0.3443999999841054, 0.3635999999841054, 0.3580666666984558, 0.35466666668256125, 0.3730666666825612, 0.35633333331743877, 0.37326666665077207]}