{"train_loss": [5.151364474826389, 4.932885493299696, 4.6004160027398004, 4.310735042317709, 4.168508044433594, 4.049645319620768, 3.9071942189534505, 3.7407121504041885, 3.608687473212348, 3.5060173370361327, 3.4238436496310762, 3.3263249515109594, 3.250924870130751, 3.1730225189208983, 3.1053124623616535, 3.0366989112006295, 2.9741417677137587, 2.908617748006185, 2.8444343187120227, 2.787191785007053, 2.721233439466688, 2.665360866631402, 2.602317923651801, 2.5353727918836806, 2.477364962090386, 2.421496247016059, 2.3590307983398437, 2.299661702134874, 2.23336001502143, 2.1714189134385853, 2.1180002129448785, 2.0511170939127603, 1.9910677734375, 1.9308606725056967, 1.8658157513088651, 1.8065502261691624, 1.7425386072794595, 1.6794972295125326, 1.6315222902086046, 1.5678375376383464], "train_acc": [0.011522222222222222, 0.0241, 0.04702222222222222, 0.07541111111111111, 0.0925, 0.10607777777777777, 0.12773333333333334, 0.15204444444444445, 0.17372222222222222, 0.18873333333333334, 0.20575555555555555, 0.2227111111111111, 0.23773333333333332, 0.25204444444444446, 0.2647111111111111, 0.2783888888888889, 0.28907777777777777, 0.30264444444444444, 0.3156, 0.32593333333333335, 0.33932222222222225, 0.3491, 0.3635333333333333, 0.3757666666666667, 0.3873666666666667, 0.39997777777777777, 0.41236666666666666, 0.4247222222222222, 0.4393, 0.45126666666666665, 0.46357777777777776, 0.47681111111111113, 0.48944444444444446, 0.5036, 0.5168444444444444, 0.5314777777777778, 0.5434666666666667, 0.5577222222222222, 0.571, 0.5849111111111112], "val_loss": [5.023968599700928, 4.806802394104004, 4.461600987243652, 4.279057776641846, 4.1295990398406985, 4.001727869415284, 3.856160595703125, 3.810135777282715, 3.6326942958831787, 3.5651645797729494, 3.4920537101745603, 3.440741227722168, 3.378795100402832, 3.33301517906189, 3.296064412689209, 3.2524891101837157, 3.252772713470459, 3.247121130371094, 3.212697896194458, 3.212685220336914, 3.145360614776611, 3.2079496421813967, 3.151169847869873, 3.1846012145996094, 3.2051368690490722, 3.230219505691528, 3.174143271636963, 3.1680811000823974, 3.2234626586914064, 3.171175769805908, 3.2183848243713378, 3.2945899044036864, 3.2584830513000487, 3.337172071838379, 3.3060259704589843, 3.5406329940795898, 3.372778128051758, 3.5122875198364256, 3.481281430053711, 3.503665835952759], "val_acc": [0.0185, 0.0312, 0.0582, 0.0785, 0.0947, 0.114, 0.1368, 0.1498, 0.1727, 0.1858, 0.1991, 0.2082, 0.2221, 0.2296, 0.2428, 0.2491, 0.2557, 0.2587, 0.2659, 0.2654, 0.2756, 0.2743, 0.2793, 0.2801, 0.2719, 0.2911, 0.2859, 0.2932, 0.2907, 0.2992, 0.2929, 0.286, 0.3021, 0.2916, 0.2957, 0.2847, 0.3002, 0.2877, 0.2886, 0.2929]}