{"train_loss": [4.835985320685891, 4.248549261115579, 3.9145084145938647, 3.6872738320743337, 3.482223614501953, 3.306795201559628, 3.1787049093807447, 3.0569751820283777, 2.945865537037569, 2.835936678538603], "train_acc": [0.03108235294117647, 0.0862, 0.13218823529411763, 0.16631764705882354, 0.19787058823529413, 0.2281764705882353, 0.2490235294117647, 0.2714, 0.29225882352941174, 0.31475294117647057], "val_loss": [4.476427785746257, 4.025294762166341, 4.035612548955282, 3.687976802444458, 3.5148881612141927, 3.336299201456706, 3.2193501083374025, 3.206292697397868, 3.146753655878703, 3.0193370034535727], "val_acc": [0.059333333337306976, 0.11673333334128062, 0.11880000000794728, 0.17260000000397363, 0.19766666667461394, 0.22613333333333333, 0.2498, 0.2504000000158946, 0.2692, 0.29113333332538605]}