{"train_loss": [4.878867156982422, 4.299850793457031, 4.011058243136936, 3.776271792602539, 3.580628425089518, 3.416113386027018, 3.276312628173828, 3.1568294647216795, 3.040715360514323, 2.93921150004069, 2.834460412258572, 2.7498006829155814, 2.660076460096571, 2.573929257880317, 2.493269806755914, 2.4065855962117513, 2.3270769861857095, 2.2509542288886175, 2.1648320432874892, 2.0865479917738172, 2.0194359968397353, 1.94636435224745, 1.8678395640055339, 1.8017891994900173, 1.7340314844767253, 1.6654892617119683, 1.6052927463107638, 1.5384823416815863, 1.4825514205932617, 1.4264655848185221, 1.37218709725274, 1.3159937533908421, 1.2660672804090711, 1.2265656389872233, 1.1763938042534723, 1.1309819947136772, 1.0920822123209635, 1.0505800872802735, 1.0139794929504395, 0.9775664817810059], "train_acc": [0.027044444444444444, 0.07625555555555555, 0.11293333333333333, 0.14703333333333332, 0.17786666666666667, 0.20771111111111112, 0.2299, 0.24982222222222222, 0.2735, 0.2910333333333333, 0.3131333333333333, 0.32666666666666666, 0.34735555555555553, 0.36344444444444446, 0.3766888888888889, 0.397, 0.4132111111111111, 0.4283666666666667, 0.4450222222222222, 0.46164444444444447, 0.4756888888888889, 0.49085555555555554, 0.5091222222222223, 0.5217333333333334, 0.5381111111111111, 0.5526888888888889, 0.5652111111111111, 0.5808666666666666, 0.5937222222222223, 0.6073777777777778, 0.6184777777777778, 0.6318333333333334, 0.6429222222222222, 0.6512222222222223, 0.6648777777777778, 0.6741666666666667, 0.6834333333333333, 0.6949888888888889, 0.7050666666666666, 0.7133333333333334], "val_loss": [4.540674409484863, 4.1412571472167965, 3.8729564781188963, 3.733835629272461, 3.702661826324463, 3.417571393585205, 3.3356294105529787, 3.360120442199707, 3.3307041015625, 3.042448611831665, 3.045898919677734, 2.911481539916992, 2.9419961421966554, 2.942556527709961, 2.8375366481781006, 2.850375390625, 2.8460034370422362, 2.809278805541992, 2.7301466819763185, 2.8847908973693848, 2.8755002326965333, 2.7253643409729005, 2.761325768661499, 2.8551251358032226, 2.798070561981201, 2.888619669342041, 2.8840880294799804, 2.836036552810669, 3.1326655300140382, 3.0199759536743165, 3.009351862335205, 3.0273719356536866, 3.113331303024292, 3.1411472522735595, 3.1896250255584717, 3.1284363983154297, 3.398130556488037, 3.337768892669678, 3.3625196449279784, 3.4280553115844725], "val_acc": [0.0528, 0.0952, 0.135, 0.1535, 0.1708, 0.209, 0.2191, 0.2176, 0.2385, 0.279, 0.2753, 0.305, 0.308, 0.3077, 0.3226, 0.3236, 0.3319, 0.3357, 0.3533, 0.3346, 0.3442, 0.3661, 0.3638, 0.3561, 0.371, 0.3627, 0.3588, 0.373, 0.3461, 0.3639, 0.3675, 0.3672, 0.3636, 0.3688, 0.3678, 0.3739, 0.3517, 0.361, 0.3647, 0.3663]}